model,mae,rmse,max,failure_rate,interventions,whiteness,expert_whiteness,distance,distance_per_intervention,cmd_whiteness
ebm-unregularized-v1,0.298672,0.41909,1.713191,3.884585,12,43.817815,18.025095,8.6,0.716667,203.295724
ebm-unregularized-v2,0.237804,0.320532,1.624527,1.027122,5,35.154843,18.025095,8.6,1.72,244.249002
ebm-unregularized-v3,0.242642,0.343455,1.7163,2.026688,5,38.060673,18.025095,8.6,1.72,213.408408
ebm-regularized-v1,0.291544,0.394435,1.466353,2.946827,9,31.617399,18.025095,8.6,0.955556,59.506364
ebm-regularized-v2,0.291952,0.396317,1.398916,2.941259,7,28.667117,18.025095,8.6,1.228571,66.36376
ebm-regularized-v3,0.270965,0.360903,1.648041,1.829726,18,29.445515,18.025095,8.6,0.477778,57.781418
mae-v1,0.301088,0.419838,1.722672,4.222724,5,35.647996,18.025095,8.6,1.72,96.048135
mae-v2,0.258497,0.34205,1.714649,0.850121,8,39.763217,18.025095,8.6,1.075,82.515022
mae-v3,0.239537,0.307916,1.190733,0.184021,16,46.098648,18.025095,8.6,0.5375,79.543303